timestamp,pos_x,pos_y,pos_z,vel_x,vel_y,vel_z,satellites_used,battery_remaining
1783593720.6692798,7.2844944,62.65248,-2.5309987,0.13405196,1.0873051,0.012146559,10,-1.0
1783593720.7693384,7.2981462,62.762554,-2.5302486,0.13002457,1.0229703,0.010142351,10,-1.0
1783593720.8693442,7.3126426,62.87484,-2.5302248,0.12483338,0.9546706,0.008322239,10,-1.0
1783593720.9695156,7.3257866,62.971653,-2.5301275,0.119482115,0.89281744,0.0073966216,10,-1.0
1783593721.0692816,7.3399725,63.06882,-2.5299187,0.113305785,0.8268277,0.007160882,10,-1.0
1783593721.1694634,7.352634,63.152145,-2.529667,0.10661594,0.76767963,0.007048043,10,-1.0
1783593721.2694447,7.3653255,63.235714,-2.529067,0.09900685,0.7055404,0.006750673,10,-1.0
1783593721.369288,7.375847,63.30725,-2.528203,0.09266691,0.6510223,0.006230841,10,-1.0
1783593721.4692981,7.385795,63.3789,-2.5271926,0.0865545,0.5948404,0.0057253083,10,0.5000267028808594
1783593721.5692966,7.3934584,63.44009,-2.5265803,0.08022318,0.54589707,0.00491841,10,0.5000267028808594
1783593721.6694887,7.4004574,63.50113,-2.5264907,0.07307743,0.4962087,0.0038692988,10,0.5000267028808594
1783593721.7695236,7.405858,63.55255,-2.526719,0.06607897,0.4527713,0.003559381,10,0.5000267028808594
1783593721.8692982,7.41071,63.603905,-2.526703,0.058497753,0.40899038,0.0036333485,10,0.5000267028808594
1783593721.969304,7.4145064,63.647846,-2.5260448,0.052104626,0.37178564,0.0039292974,10,0.5000267028808594
1783593722.0693655,7.4180446,63.69209,-2.5254827,0.045467123,0.33494645,0.003371599,10,0.5000267028808594
1783593722.1693788,7.421271,63.730633,-2.5255108,0.040803056,0.30456284,0.0030422055,10,0.5000267028808594
1783593722.2692678,7.4245844,63.77009,-2.525834,0.03717336,0.27502418,0.00247511,10,0.5000267028808594
1783593722.3692446,7.4270873,63.804478,-2.5258846,0.03413236,0.25066978,0.0025478147,10,0.5000267028808594
1783593722.469399,7.429217,63.839764,-2.5259986,0.031266402,0.22680378,0.0026919066,10,0.5000267028808594
1783593722.5693107,7.4305806,63.87002,-2.5260506,0.028750917,0.20592225,0.0026079072,10,0.5000267028808594
1783593722.6693714,7.4316125,63.9001,-2.5261793,0.025979258,0.18415435,0.0024961203,10,0.5000267028808594
1783593722.7693264,7.431947,63.92527,-2.5262127,0.023576254,0.16493073,0.002619275,10,0.5000267028808594
1783593722.8693738,7.4320126,63.949547,-2.525867,0.021657975,0.14475164,0.0028808033,10,0.5000267028808594
1783593722.9693868,7.431447,63.96951,-2.5254488,0.020400392,0.12681171,0.0028445767,10,0.5000267028808594
1783593723.0695736,7.4300885,63.988422,-2.525043,0.019363815,0.108155645,0.0028105064,10,0.5000267028808594
1783593723.1694713,7.428069,64.00415,-2.5243368,0.01823865,0.09253238,0.0027135697,10,0.5000267028808594
1783593723.2694302,7.4251533,64.019684,-2.5233827,0.017159829,0.07747409,0.0019570983,10,0.5000267028808594
1783593723.369435,7.422774,64.032486,-2.5227928,0.017143222,0.06528484,0.0011239718,10,0.5000267028808594
1783593723.46945,7.4205256,64.04418,-2.5227237,0.01819807,0.052847087,0.00022208784,10,0.5000267028808594
1783593723.569737,7.4189444,64.05304,-2.5230894,0.020042593,0.042309344,-0.00032077683,10,0.5000267028808594
1783593723.66956,7.4175525,64.06107,-2.523615,0.022892583,0.031972207,-0.0004451886,10,0.5000267028808594
1783593723.7696006,7.41696,64.06726,-2.524095,0.025764354,0.023636881,-0.00037277688,10,0.5000267028808594
1783593723.8692865,7.416894,64.0721,-2.5243359,0.029260928,0.015353185,9.9688754e-05,10,0.5000267028808594
1783593723.9694839,7.416805,64.074745,-2.5244083,0.031862162,0.008282202,0.00032786164,10,0.5000267028808594
1783593724.0693889,7.416524,64.07658,-2.5242648,0.033618737,0.0020287812,0.00010539069,10,0.5000267028808594
1783593724.1694427,7.415966,64.07764,-2.5239887,0.034673393,-0.0021380004,0.00026223974,10,0.5000267028808594
1783593724.26928,7.4152083,64.0788,-2.5236955,0.03520087,-0.0046287896,0.0001953912,10,0.5000267028808594
1783593724.3693323,7.4148264,64.07975,-2.523849,0.036029097,-0.005648239,-0.00031684389,10,0.5000267028808594
1783593724.4693625,7.4145513,64.08057,-2.524909,0.037016872,-0.0057574455,-0.0007297456,10,0.5000267028808594
1783593724.5693803,7.4140167,64.08119,-2.5267668,0.03758499,-0.0050061205,-0.0005670718,10,0.5000267028808594
1783593724.6694007,7.412908,64.08207,-2.5288382,0.0378066,-0.003349518,0.00051316415,10,0.5000267028808594
1783593724.7693682,7.41126,64.08316,-2.5300174,0.037444107,-0.0014032815,0.0024933845,10,0.5000267028808594
1783593724.8692477,7.4097447,64.084465,-2.530468,0.03747992,0.0011508075,0.004582965,10,0.5000267028808594
1783593724.969269,7.409295,64.085365,-2.5301123,0.038432915,0.0029985534,0.0057730596,10,0.5000267028808594
1783593725.0692182,7.4097667,64.086105,-2.5292993,0.04073229,0.0042661033,0.006255663,10,0.5000267028808594
1783593725.1692996,7.410202,64.08689,-2.5282335,0.04276867,0.005497564,0.0060611446,10,0.5000267028808594
1783593725.269242,7.410506,64.08777,-2.5265837,0.04450154,0.0072024115,0.0054086065,10,0.5000267028808594
1783593725.3693988,7.410881,64.08898,-2.5248432,0.04592624,0.00893737,0.0041100876,10,0.5000267028808594
1783593725.4693887,7.4113045,64.09083,-2.5231423,0.047363885,0.011124484,0.0025179412,10,0.5000267028808594
1783593725.5693295,7.4118805,64.09263,-2.5214505,0.048351746,0.012920567,0.0010195469,10,0.5000267028808594
1783593725.6693575,7.4124446,64.09448,-2.519649,0.049311336,0.014638711,-0.00088307884,10,0.5000267028808594
1783593725.7695045,7.4135585,64.095795,-2.5184174,0.050328225,0.01549652,-0.0026722262,10,0.5000267028808594
1783593725.8693461,7.4148536,64.09685,-2.5173225,0.05116104,0.016108422,-0.0044425637,10,0.5000267028808594
1783593725.9693153,7.416218,64.097534,-2.5167594,0.05202192,0.016125169,-0.0056944704,10,0.5000267028808594
1783593726.0693219,7.4179745,64.097404,-2.516726,0.05279321,0.015230681,-0.0065600765,10,0.5000267028808594
1783593726.169394,7.419992,64.096794,-2.5173264,0.053414017,0.014034014,-0.0070290603,10,0.5000267028808594
1783593726.2695682,7.422111,64.096054,-2.5182748,0.053683963,0.013131067,-0.0071044886,10,0.5000267028808594
1783593726.3695512,7.4233484,64.09509,-2.5187955,0.05297281,0.012430112,-0.006293239,10,0.5000267028808594
1783593726.4693732,7.424016,64.0941,-2.519,0.05170712,0.012175579,-0.0055301175,10,0.5000267028808594
1783593726.5692766,7.4245095,64.093376,-2.5188212,0.050842922,0.012332528,-0.0050539235,10,0.5000267028808594
1783593726.6694136,7.4251466,64.09328,-2.5179405,0.05002871,0.013338453,-0.0048261457,10,0.5000267028808594
1783593726.7694516,7.426149,64.093666,-2.5169086,0.049862504,0.014875526,-0.0052796598,10,0.5000267028808594
1783593726.8693118,7.4274535,64.0944,-2.5155292,0.04976426,0.0162321,-0.0063116816,10,0.5000267028808594
1783593726.9692743,7.4289365,64.09498,-2.5144463,0.049983382,0.017184818,-0.0073477225,10,0.5000267028808594
1783593727.0695267,7.4307466,64.095184,-2.5143938,0.05018647,0.016883932,-0.010273435,10,0.5000267028808594
1783593727.1693854,7.4327116,64.09479,-2.515656,0.057013057,0.00835421,-0.017522566,10,0.5000267028808594
1783593727.2694514,7.437387,64.09206,-2.518663,0.087228335,-0.025246672,-0.033136047,10,0.5000267028808594
1783593727.369313,7.4469376,64.08457,-2.52315,0.14828897,-0.0895964,-0.051991202,10,0.5000267028808594
1783593727.46931,7.467202,64.06629,-2.5291986,0.2553489,-0.20317163,-0.066363364,10,0.5000267028808594
1783593727.5690625,7.498813,64.03544,-2.535308,0.38370427,-0.35224456,-0.07322075,10,0.5000267028808594
1783593727.6695354,7.5503283,63.98086,-2.5423856,0.54106694,-0.5633603,-0.07732307,10,0.5000267028808594
1783593727.769416,7.6151576,63.906002,-2.5490103,0.69129497,-0.8025358,-0.07844096,10,0.5000267028808594
1783593727.8694236,7.7038083,63.793888,-2.5554605,0.8487516,-1.1026032,-0.06684727,10,0.5000267028808594
1783593727.9692914,7.800698,63.658333,-2.5599446,0.9849989,-1.4057851,-0.04718829,10,0.5000267028808594
1783593728.0693903,7.9207306,63.474483,-2.5626698,1.1229373,-1.7498127,-0.026051886,10,0.5000267028808594
1783593728.1693566,8.044759,63.270657,-2.563147,1.2424817,-2.0719078,-0.009843075,10,0.5000267028808594
1783593728.2693741,8.19231,63.013134,-2.5619173,1.364797,-2.418006,0.0020785148,10,0.5000267028808594
1783593728.3695905,8.339367,62.743187,-2.5596318,1.472002,-2.7302828,0.007864306,10,0.5000267028808594
1783593728.4692647,8.509047,62.418056,-2.5568218,1.5832682,-3.0573266,0.009352876,10,0.5000267028808594
1783593728.5692544,8.674985,62.089394,-2.554461,1.6831961,-3.34675,0.011363832,10,0.5000267028808594
1783593728.669303,8.864626,61.705513,-2.5517406,1.7908925,-3.6398783,0.02120426,10,0.5000267028808594
1783593728.7694237,9.049551,61.3282,-2.5492983,1.8946847,-3.884252,0.029663678,10,0.5000267028808594
1783593728.869501,9.261628,60.898113,-2.5472026,2.0148993,-4.1112027,0.034692913,10,0.5000267028808594
1783593728.9696329,9.469626,60.48672,-2.5458126,2.135036,-4.279352,0.036977567,10,0.5000267028808594
1783593729.0697253,9.709854,60.031063,-2.5441828,2.2723362,-4.4124794,0.044961613,10,0.5000267028808594
1783593729.1692898,9.945053,59.605846,-2.5416994,2.3936646,-4.490842,0.052704282,10,0.5000267028808594
1783593729.2694118,10.21237,59.144882,-2.537971,2.5044007,-4.526394,0.055300474,10,0.5000267028808594
1783593729.369608,10.467167,58.723454,-2.5345612,2.5773585,-4.5125246,0.051741965,10,0.5000267028808594
1783593729.4695082,10.746977,58.2756,-2.5314956,2.6240141,-4.4542933,0.04805223,10,0.5000267028808594
1783593729.5695791,11.005645,57.873543,-2.5293145,2.6448874,-4.376849,0.045046758,10,0.5000267028808594
1783593729.669391,11.283901,57.450817,-2.5281806,2.6523423,-4.2855663,0.041623794,10,0.5000267028808594
1783593729.7693653,11.538248,57.071587,-2.5280156,2.649795,-4.206819,0.037758302,10,0.5000267028808594
1783593729.869531,11.810689,56.670094,-2.5283604,2.6393096,-4.134655,0.033608664,10,0.5000267028808594
1783593729.9694383,12.059268,56.30484,-2.528882,2.6244364,-4.0839553,0.03018181,10,0.5000267028808594
1783593730.0695622,12.324593,55.91311,-2.5295267,2.6031523,-4.045781,0.02698781,10,0.5000267028808594
1783593730.169312,12.5659485,55.55256,-2.5302596,2.5800693,-4.0254946,0.02440052,10,0.5000267028808594
1783593730.269331,12.82374,55.160606,-2.530881,2.5536861,-4.018993,0.022716118,10,0.5000267028808594
1783593730.369288,13.058441,54.7954,-2.53092,2.5292041,-4.0259724,0.021891072,10,0.5000267028808594
1783593730.4692883,13.309688,54.394753,-2.5298233,2.5040889,-4.0453258,0.0218376,10,0.5000267028808594
1783593730.5693173,13.538565,54.01946,-2.5274882,2.4826431,-4.0712857,0.021618612,10,0.5000267028808594
1783593730.669524,13.784339,53.6065,-2.5240889,2.4624314,-4.1055417,0.020349389,10,0.5000267028808594
1783593730.7692857,14.010381,53.219437,-2.520812,2.44829,-4.1394057,0.018167472,10,0.5000267028808594
1783593730.8693218,14.255049,52.79443,-2.517315,2.4382062,-4.175346,0.015411095,10,0.5000267028808594
1783593730.9693227,14.481896,52.39714,-2.5147967,2.4348407,-4.2061744,0.0125349555,10,0.5000267028808594
1783593731.0692167,14.728664,51.962345,-2.513278,2.4363492,-4.235148,0.009489966,10,0.5000267028808594
1783593731.1691866,14.957604,51.557518,-2.5125675,2.4414427,-4.257263,0.007193462,10,0.5000267028808594
1783593731.2692769,15.207003,51.115322,-2.512185,2.449919,-4.276402,0.005579846,10,0.5000267028808594
1783593731.3692687,15.438617,50.704983,-2.512301,2.4601598,-4.2889466,0.0046732966,10,0.5000267028808594
1783593731.469382,15.69167,50.25884,-2.5127058,2.4732747,-4.2969933,0.0043016486,10,0.5000267028808594
1783593731.5693564,15.926703,49.845943,-2.5126963,2.4863982,-4.3003116,0.0042412207,10,0.5000267028808594
1783593731.6693594,16.182207,49.397915,-2.5119853,2.5007153,-4.2998915,0.0045139743,10,0.5000267028808594
1783593731.7693634,16.419546,48.984745,-2.5110564,2.514411,-4.2954535,0.003884628,10,0.5000267028808594
1783593731.8693802,16.678244,48.53793,-2.5100393,2.5296075,-4.2874217,0.0029007744,10,0.5000267028808594
1783593731.9693866,16.918592,48.126667,-2.5096993,2.5433295,-4.277247,0.0016641695,10,0.5000267028808594
1783593732.0692625,17.18039,47.683483,-2.5097828,2.5579007,-4.263395,0.00014472532,10,0.5000267028808594
1783593732.169341,17.423037,47.2765,-2.5096054,2.5706346,-4.2494473,-0.00040925673,10,0.5000267028808594
1783593732.2692928,17.687126,46.837006,-2.5085402,2.5834844,-4.2348676,-0.000398313,10,0.5000267028808594
1783593732.3693614,17.931871,46.432213,-2.5069342,2.5947082,-4.2232466,-0.0011678926,10,0.5000267028808594
1783593732.4695072,18.197617,45.99412,-2.5053978,2.6049018,-4.2133436,-0.003228633,10,0.5000267028808594
1783593732.5693538,18.44367,45.589657,-2.5043578,2.6127715,-4.207129,-0.004884445,10,0.5000267028808594
1783593732.6696186,18.711086,45.15119,-2.5038295,2.6195068,-4.203276,-0.0068226545,10,0.5000267028808594
1783593732.7692955,18.958532,44.74516,-2.5034747,2.6237757,-4.203797,-0.0075883726,10,0.5000267028808594
1783593732.869515,19.227512,44.303318,-2.502418,2.6268005,-4.207943,-0.008147816,10,0.5000267028808594
1783593732.969423,19.47638,43.893784,-2.5013976,2.6280441,-4.213789,-0.008708935,10,0.5000267028808594
1783593733.0693066,19.746437,43.448536,-2.5006094,2.6284368,-4.2206507,-0.009672415,10,0.5000267028808594
1783593733.1692877,19.995777,43.0367,-2.500206,2.6279607,-4.2264347,-0.010724884,10,0.5000267028808594
1783593733.269355,20.26611,42.59073,-2.5001798,2.626869,-4.2305512,-0.011732226,10,0.5000267028808594
1783593733.3693757,20.51599,42.17921,-2.5005512,2.625867,-4.2326612,-0.0124699585,10,0.5000267028808594
1783593733.4693677,20.787182,41.73354,-2.501091,2.6251557,-4.233802,-0.012640155,10,0.5000267028808594
1783593733.569316,21.038479,41.32196,-2.5020604,2.625338,-4.2347374,-0.012586513,10,0.5000267028808594
1783593733.6692886,21.311907,40.87614,-2.5033731,2.626346,-4.2350135,-0.01190309,10,0.5000267028808594
1783593733.7701805,21.565548,40.464577,-2.504304,2.6276832,-4.235139,-0.010721704,10,0.5000267028808594
1783593733.869323,21.841312,40.017803,-2.5046434,2.6292245,-4.236317,-0.009634841,10,0.5000267028808594
1783593733.9692934,22.096493,39.60494,-2.5039606,2.6302571,-4.2377977,-0.008625864,10,0.5000267028808594
1783593734.06938,22.373047,39.1575,-2.5030947,2.6297395,-4.239618,-0.008543164,10,0.5000267028808594
1783593734.1693766,22.628166,38.74473,-2.5027943,2.628178,-4.240356,-0.009215601,10,0.5000267028808594
1783593734.2695363,22.903692,38.29834,-2.502819,2.624501,-4.2406325,-0.009956713,10,0.5000267028808594
1783593734.3696518,23.157532,37.887085,-2.5031738,2.6196413,-4.2403154,-0.010647392,10,0.5000267028808594
1783593734.4693723,23.43171,37.4431,-2.5039434,2.6134002,-4.2389,-0.01075063,10,0.5000267028808594
1783593734.569488,23.68355,37.03456,-2.50493,2.6064763,-4.2371044,-0.010595906,10,0.5000267028808594
1783593734.6692564,23.955065,36.59255,-2.505865,2.5978186,-4.235387,-0.010293988,10,0.5000267028808594
1783593734.7692695,24.204906,36.184868,-2.506403,2.5900564,-4.2349925,-0.009979719,10,0.5000267028808594
1783593734.8692951,24.473875,35.74289,-2.5068002,2.5812786,-4.2360725,-0.009325215,10,0.5000267028808594
1783593734.9700675,24.720293,35.334316,-2.5075684,2.5727708,-4.238669,-0.0092124725,10,0.5000267028808594
1783593735.069543,24.98544,34.891247,-2.5086465,2.5638676,-4.2422786,-0.008580256,10,0.5000267028808594
1783593735.1694572,25.228947,34.48171,-2.509512,2.5562513,-4.2458997,-0.008161467,10,0.5000267028808594
1783593735.2692888,25.49202,34.037445,-2.5107083,2.5496721,-4.250323,-0.007556425,10,0.5000267028808594
1783593735.3693795,25.734735,33.626976,-2.5118132,2.54558,-4.2544827,-0.006635344,10,0.5000267028808594
1783593735.4692717,25.998068,33.18157,-2.5128908,2.5437305,-4.2589254,-0.0053372844,10,0.5000267028808594
1783593735.569316,26.241346,32.770294,-2.513493,2.543424,-4.262467,-0.004207988,10,0.5000267028808594
1783593735.6693962,26.50566,32.324333,-2.5139513,2.545018,-4.266108,-0.003383749,10,0.5000267028808594
1783593735.769399,26.750616,31.912071,-2.5143933,2.5474336,-4.269717,-0.0025512297,10,0.5000267028808594
1783593735.8692956,27.016546,31.464964,-2.5147548,2.5504646,-4.2732863,-0.0019454932,10,0.5000267028808594
1783593735.9694371,27.262003,31.051777,-2.5152698,2.5528486,-4.276694,-0.0015449605,10,0.5000267028808594
1783593736.0696402,27.527964,30.60391,-2.516181,2.5551944,-4.2800865,-0.0012818739,10,0.5000267028808594
1783593736.1693559,27.7738,30.190247,-2.5173397,2.5572054,-4.282757,-0.0006769543,10,0.5000267028808594
1783593736.2692595,28.040287,29.741571,-2.518972,2.5591073,-4.285833,9.545233e-05,10,0.5000267028808594
1783593736.3692334,28.285828,29.327145,-2.5207086,2.5602522,-4.28791,0.0011975328,10,0.5000267028808594
1783593736.4693966,28.551104,28.877947,-2.5224676,2.5606987,-4.2896433,0.0029228216,10,0.5000267028808594
1783593736.569162,28.734419,28.566668,-2.5235124,2.5605657,-4.2906427,0.004331783,10,0.5000267028808594
1783593736.6692724,28.977928,28.151308,-2.52423,2.560367,-4.2918816,0.0055669793,10,0.5000267028808594
1783593736.7692354,29.240389,27.70136,-2.5245404,2.5591218,-4.293085,0.0072855023,10,0.5000267028808594
1783593736.8693993,29.481813,27.286419,-2.5243616,2.5576882,-4.2929096,0.007983577,10,0.5000267028808594
1783593736.9694679,29.742847,26.837175,-2.5239077,2.5566046,-4.291806,0.008255694,10,0.5000267028808594
1783593737.0693293,29.983637,26.422915,-2.5233603,2.5560944,-4.29011,0.007933601,10,0.5000267028808594
1783593737.1693501,30.244452,25.975582,-2.5224018,2.5564632,-4.287383,0.0075028483,10,0.5000267028808594
1783593737.269242,30.485554,25.564034,-2.5213513,2.5580406,-4.283648,0.0065832576,2,0.5000267028808594
1783593737.36919,30.747631,25.119246,-2.5202813,2.5609443,-4.27986,0.005268608,2,0.5000267028808594
1783593737.4693804,30.990591,24.709566,-2.519022,2.564861,-4.276581,0.0041004214,2,0.5000267028808594
1783593737.570178,31.254946,24.266237,-2.517623,2.5698733,-4.2737064,0.0029113214,2,0.5000267028808594
1783593737.6694021,31.499662,23.857157,-2.516551,2.5745428,-4.2724724,0.001690896,2,0.5000267028808594
1783593737.7693117,31.765562,23.414448,-2.5158873,2.5793395,-4.271803,0.00016887374,2,0.5000267028808594
1783593737.8696458,32.01193,23.006435,-2.515565,2.58352,-4.271339,-0.0010049968,2,0.5000267028808594
1783593737.9693522,32.27908,22.565104,-2.5157032,2.5876791,-4.2708917,-0.0015679081,2,0.5000267028808594
1783593738.0692844,32.52608,22.15822,-2.5150862,2.590834,-4.2710648,-0.0015657591,2,0.5000267028808594
1783593738.16931,32.794193,21.717697,-2.5136218,2.593815,-4.271726,-0.002010882,2,0.5000267028808594
1783593738.2693098,33.04262,21.31114,-2.5122604,2.596425,-4.2736483,-0.0026830456,2,0.5000267028808594
1783593738.3693717,33.31252,20.870361,-2.5108075,2.598703,-4.2760515,-0.0038817108,2,0.5000267028808594
1783593738.4692485,33.561905,20.46272,-2.5100737,2.6000602,-4.279607,-0.00571802,2,0.5000267028808594
1783593738.5692837,33.831295,20.019646,-2.5093546,2.6003053,-4.2849627,-0.007160106,2,0.5000267028808594
1783593738.6694787,34.079193,19.609304,-2.5096374,2.5993254,-4.2903833,-0.008265004,2,0.5000267028808594
1783593738.7694526,34.347313,19.164188,-2.5108256,2.597238,-4.2958446,-0.0087498445,2,0.5000267028808594
1783593738.869296,34.59448,18.752178,-2.5128236,2.5949583,-4.3009934,-0.008332763,2,0.5000267028808594
1783593738.969273,34.861984,18.30491,-2.5156093,2.5920393,-4.3056326,-0.006579026,2,0.5000267028808594
1783593739.06933,35.108658,17.892082,-2.5183492,2.589726,-4.309024,-0.004175782,2,0.5000267028808594
1783593739.1693404,35.375954,17.445324,-2.5208678,2.5871727,-4.3107953,-0.00129812,2,0.5000267028808594
1783593739.26927,35.622463,17.032984,-2.5229564,2.5849533,-4.3117065,0.0010538622,2,0.5000267028808594
1783593739.3692892,35.888966,16.586384,-2.5252156,2.5824933,-4.3121023,0.0036997453,2,0.5000267028808594
1783593739.46935,36.134987,16.17433,-2.5273123,2.5807483,-4.3119664,0.0059929453,2,0.5000267028808594
1783593739.569292,36.401684,15.728268,-2.5296903,2.579326,-4.3115478,0.008209698,2,0.5000267028808594
1783593739.6694584,36.648624,15.317291,-2.5320725,2.578975,-4.31079,0.010324677,2,0.5000267028808594
1783593739.7693336,36.91665,14.8724785,-2.534833,2.579122,-4.309459,0.012729657,2,0.5000267028808594
1783593739.8692906,37.163937,14.462537,-2.5372396,2.5790958,-4.3082304,0.01517371,2,0.5000267028808594
1783593739.9692793,37.431625,14.01881,-2.54006,2.578565,-4.3072457,0.017629027,2,0.5000267028808594
1783593740.0692208,37.678253,13.608858,-2.5422964,2.5776782,-4.3071694,0.020101437,2,0.5000267028808594
1783593740.1692183,37.945072,13.163777,-2.5441403,2.5762877,-4.3086343,0.022944424,2,0.5000267028808594
1783593740.2692492,38.190968,12.751993,-2.5448365,2.5744894,-4.3106346,0.025155293,2,0.5000267028808594
1783593740.3693626,38.456993,12.305685,-2.544869,2.5724308,-4.3129163,0.027318442,2,0.5000267028808594
1783593740.4694946,38.702137,11.893754,-2.5435658,2.5703363,-4.31466,0.028192723,2,0.5000267028808594
1783593740.5695143,38.967243,11.447668,-2.5412512,2.5683062,-4.315781,0.027936155,2,0.5000267028808594
1783593740.6691973,39.21155,11.036327,-2.5387974,2.56658,-4.316306,0.026605973,2,0.5000267028808594
1783593740.7692938,39.475826,10.591438,-2.535699,2.5652158,-4.3159704,0.024677109,2,0.5000267028808594
1783593740.869308,39.720215,10.181449,-2.5327668,2.5647109,-4.3151107,0.021846224,2,0.5000267028808594
1783593740.969232,39.985615,9.737475,-2.5304494,2.5651536,-4.3144493,0.018495081,2,0.5000267028808594
1783593741.0692415,40.23095,9.3274145,-2.5292344,2.5656767,-4.3141785,0.015558103,2,0.5000267028808594
1783593741.1692917,40.49664,8.882742,-2.528132,2.5662127,-4.3148355,0.013408194,2,0.5000267028808594
1783593741.2695322,40.74237,8.472223,-2.526958,2.5667477,-4.315307,0.012023465,2,0.5000267028808594
1783593741.3693078,41.009136,8.027591,-2.5247688,2.5673363,-4.315653,0.010638292,2,0.5000267028808594
1783593742.384734,41.17356,7.7539215,-2.5230927,2.5678396,-4.3160987,0.009711996,2,0.5000267028808594
1783593742.469285,41.420902,7.343154,-2.5205817,2.568951,-4.316913,0.007951348,2,0.5000267028808594
1783593742.5692668,41.668827,6.9324293,-2.5183496,2.5701022,-4.3173933,0.005296086,2,0.5000267028808594
1783593742.6691658,41.9379,6.487722,-2.5165062,2.571173,-4.3175035,0.0024635494,2,0.5000267028808594
1783593742.7692115,42.186817,6.07764,-2.5149436,2.5724964,-4.317293,0.00033428599,2,0.5000267028808594
1783593742.8694649,42.456177,5.6336718,-2.5131974,2.5731237,-4.317328,-0.0015287903,2,0.5000267028808594
1783593742.9714403,42.704075,5.2237782,-2.5118828,2.572442,-4.3179083,-0.0035112675,2,0.5000267028808594
1783593743.0694225,42.97184,4.779717,-2.5112371,2.5706794,-4.3187466,-0.0056259986,2,0.5000267028808594
1783593743.1693656,43.218735,4.3698444,-2.5112176,2.5686998,-4.3198633,-0.006808502,2,0.5000267028808594
1783593743.2691903,43.485813,3.925611,-2.5114584,2.5661206,-4.3209896,-0.007394488,2,0.5000267028808594
1783593743.3692605,43.73197,3.515594,-2.511663,2.5639274,-4.322221,-0.0072705564,2,0.5000267028808594
1783593743.4692283,43.998116,3.0715406,-2.5118146,2.5613964,-4.3232374,-0.0070419605,2,0.5000267028808594
1783593743.5692706,44.242584,2.6618295,-2.5121284,2.5586078,-4.3237314,-0.0070168935,2,0.5000267028808594
1783593743.6692994,44.50611,2.2180743,-2.5127616,2.5547616,-4.3238354,-0.0071429634,2,0.5000267028808594
1783593743.7692418,44.748905,1.8083327,-2.5136628,2.5516572,-4.324093,-0.0071533653,2,0.5000267028808594
1783593743.869295,45.01185,1.3644673,-2.5148802,2.5490742,-4.3241873,-0.006363908,2,0.5000267028808594
1783593743.9692822,45.25445,0.95419604,-2.5159564,2.5477028,-4.324431,-0.005164821,2,0.5000267028808594
1783593744.0693593,45.51747,0.5086577,-2.5169368,2.5470443,-4.3255353,-0.0037939518,2,0.5000267028808594
1783593744.169362,45.760456,0.09642199,-2.5177164,2.5472157,-4.3270273,-0.0024916239,2,0.5000267028808594
1783593744.2692478,46.024437,-0.350761,-2.518364,2.5485,-4.3284755,-0.0012213149,2,0.5000267028808594
1783593744.369452,46.268845,-0.7640585,-2.5186095,2.5501394,-4.3294544,0.0010018032,2,0.5000267028808594
1783593744.469399,46.53451,-1.2119087,-2.518714,2.54724,-4.3228264,0.0035421778,2,0.5000267028808594
1783593744.5692716,46.779766,-1.6244783,-2.5187955,2.533575,-4.2968197,0.0016828391,2,0.5000267028808594
1783593744.6692612,47.04342,-2.0668585,-2.5189676,2.5027106,-4.233624,-0.0036337029,2,0.5000267028808594
1783593744.7692814,47.28314,-2.466557,-2.5190215,2.458694,-4.1382904,-0.0055666137,2,0.5000267028808594
1783593744.869247,47.536537,-2.8853498,-2.519126,2.395577,-4.0027733,-0.0037337444,2,0.5000267028808594
1783593744.9692452,47.762817,-3.2564054,-2.5193458,2.3240824,-3.858823,-0.0007338715,2,0.5000267028808594
1783593745.0692704,47.99729,-3.639493,-2.5193229,2.234414,-3.691007,0.0033908086,2,0.5000267028808594
1783593745.16926,48.202988,-3.975612,-2.5189314,2.1431844,-3.5316575,0.0066555953,2,0.5000267028808594
1783593745.2692595,48.413208,-4.3214254,-2.517787,2.0387008,-3.359612,0.009101524,2,0.5000267028808594
1783593745.3693333,48.595165,-4.625087,-2.5164766,1.9395617,-3.2045207,0.010063856,2,0.5000267028808594
1783593745.469389,48.780155,-4.937872,-2.5152192,1.8325148,-3.0420237,0.009598751,2,0.5000267028808594
1783593745.569344,48.939816,-5.2128234,-2.515007,1.7354258,-2.898718,0.0085267015,2,0.5000267028808594
1783593745.6692946,49.101597,-5.4971504,-2.515491,1.6331592,-2.7514546,0.0072182356,2,0.5000267028808594
1783593745.7694523,49.24174,-5.7477303,-2.516181,1.5431579,-2.6223495,0.0066114822,2,0.5000267028808594
1783593745.8694448,49.38433,-6.0075426,-2.51686,1.4506254,-2.4903088,0.006353422,2,0.5000267028808594
1783593745.969425,49.508335,-6.2374287,-2.5171084,1.3697852,-2.375264,0.006106641,2,0.5000267028808594
1783593746.0691507,49.63448,-6.475778,-2.5171247,1.2857007,-2.256752,0.005551524,2,0.5000267028808594
1783593746.1692274,49.743904,-6.686434,-2.516162,1.2122626,-2.1526828,0.005747427,2,0.5000267028808594
1783593746.269216,49.855286,-6.9045644,-2.5146165,1.1386402,-2.0446584,0.0052984753,2,0.5000267028808594
1783593746.369178,49.951538,-7.096786,-2.5125685,1.0781336,-1.9484768,0.0038762544,2,0.5000267028808594
1783593746.4691434,50.050148,-7.2957573,-2.5101895,1.0218116,-1.8475618,0.0014847569,2,0.5000267028808594
1783593746.569219,50.136784,-7.4711375,-2.5076866,0.97711986,-1.7573838,-0.0009477587,2,0.5000267028808594
1783593746.6692362,50.226734,-7.652526,-2.5052137,0.9353906,-1.6627566,-0.0038962993,2,0.5000267028808594
1783593746.7691507,50.306698,-7.812431,-2.5036378,0.90118665,-1.5781606,-0.0067161825,2,0.5000267028808594
1783593746.869227,50.390476,-7.977678,-2.5026665,0.8674538,-1.4897414,-0.009724907,2,0.5000267028808594
1783593746.9691892,50.465496,-8.123184,-2.5028234,0.83902496,-1.4111443,-0.01155646,2,0.5000267028808594
1783593747.0691538,50.544857,-8.272571,-2.5038924,0.8101497,-1.3287109,-0.013127933,2,0.5000267028808594
1783593747.1693342,50.616543,-8.40254,-2.505517,0.784287,-1.2537668,-0.013305475,2,0.5000267028808594
1783593747.269334,50.69262,-8.5350485,-2.5067754,0.75770676,-1.1748879,-0.012020237,2,0.5000267028808594
1783593747.369272,50.76144,-8.650666,-2.5072966,0.73422414,-1.104673,-0.011022553,2,0.5000267028808594
1783593747.469265,50.834206,-8.768184,-2.507512,0.70817626,-1.0306201,-0.010062076,2,0.5000267028808594
1783593747.5692716,50.899174,-8.8696995,-2.5075884,0.6825038,-0.96484786,-0.009748782,2,0.5000267028808594
1783593747.6692812,50.96652,-8.973054,-2.507495,0.6527464,-0.8968097,-0.009180709,2,0.5000267028808594
1783593747.7693706,51.026363,-9.062299,-2.5069585,0.6253169,-0.8371409,-0.009011332,2,0.5000267028808594
1783593747.8692584,51.08924,-9.151883,-2.506071,0.59605944,-0.7748591,-0.009332704,2,0.5000267028808594
1783593747.969233,51.145187,-9.228563,-2.5054703,0.5684199,-0.719965,-0.0100631425,2,0.5000267028808594
1783593748.069219,51.20318,-9.3056755,-2.505042,0.5382647,-0.6642969,-0.010572721,2,0.5000267028808594
1783593748.169333,51.254124,-9.371679,-2.5045938,0.511186,-0.6160623,-0.010811431,2,0.5000267028808594
1783593748.269289,51.30655,-9.437518,-2.5042992,0.48175216,-0.5664547,-0.011353231,2,0.5000267028808594
1783593748.3692908,51.352577,-9.493226,-2.5039196,0.45434427,-0.5233445,-0.011920961,2,0.5000267028808594
1783593748.469368,51.399975,-9.548787,-2.5037503,0.42410827,-0.48002142,-0.012776493,2,0.5000267028808594
1783593748.5693157,51.440784,-9.595863,-2.5044494,0.39583498,-0.44303483,-0.013115776,2,0.5000267028808594
1783593748.6691847,51.481636,-9.642978,-2.50635,0.36595535,-0.40648505,-0.013074489,2,0.5000267028808594
1783593748.769637,51.516212,-9.68321,-2.5087233,0.3393658,-0.37558883,-0.012372588,2,0.5000267028808594
1783593748.8691692,51.550297,-9.723323,-2.5108333,0.31130734,-0.34491655,-0.0102804415,2,0.5000267028808594
1783593748.9692035,51.578773,-9.757956,-2.5125794,0.28560552,-0.31930992,-0.008471718,2,0.5000267028808594
1783593749.0693786,51.60702,-9.793402,-2.5143914,0.2585713,-0.2943068,-0.006369455,2,0.5000267028808594
1783593749.1693087,51.63076,-9.8239975,-2.5154405,0.23431036,-0.27354977,-0.004434966,2,0.5000267028808594
1783593749.2692513,51.65412,-9.855069,-2.5159435,0.21024543,-0.25295538,-0.0025449004,2,0.5000267028808594
1783593749.3692293,51.673958,-9.882531,-2.516171,0.19106185,-0.23572856,-0.0016450109,2,0.5000267028808594
1783593749.4692671,51.694225,-9.911366,-2.516821,0.17303729,-0.21934845,-0.00091861864,2,0.5000267028808594
1783593749.5692692,51.71236,-9.937214,-2.5178738,0.15829635,-0.20578258,-0.0006381026,2,0.5000267028808594
1783593749.669303,51.731182,-9.964115,-2.5194416,0.14335378,-0.19209981,0.00016427368,2,0.5000267028808594
1783593749.7694364,51.748055,-9.987714,-2.5209174,0.13170964,-0.18029895,0.0015662896,2,0.5000267028808594
1783593749.869373,51.76586,-10.012052,-2.5221076,0.12064559,-0.16796659,0.0033291234,2,0.5000267028808594
1783593749.9692912,51.78102,-10.033186,-2.5229564,0.11028376,-0.15673928,0.004288296,2,0.5000267028808594
1783593750.0693197,51.795723,-10.054164,-2.5236306,0.09809151,-0.14444017,0.0054224874,2,0.5000267028808594
1783593750.1693678,51.80788,-10.071543,-2.5245113,0.086994745,-0.13273442,0.0059286775,2,0.5000267028808594
1783593750.2693167,51.819656,-10.088735,-2.5259304,0.07547557,-0.12011501,0.0066210353,2,0.5000267028808594
1783593750.3692653,51.82943,-10.103151,-2.5275903,0.06499636,-0.10873198,0.0075719794,2,0.5000267028808594
1783593750.4696076,51.83889,-10.117246,-2.5286546,0.054056298,-0.09673226,0.009116829,2,0.5000267028808594
1783593750.5693274,51.846527,-10.128998,-2.5286217,0.045132797,-0.08661676,0.010855952,2,0.5000267028808594
1783593750.6692507,51.85433,-10.1397915,-2.527729,0.036433976,-0.07574996,0.011571988,2,0.5000267028808594
1783593750.7692368,51.861458,-10.148115,-2.5264363,0.029728886,-0.06590004,0.011173389,2,0.5000267028808594
1783593750.8692029,51.86896,-10.155399,-2.5252032,0.023686588,-0.05607661,0.010174067,2,0.5000267028808594
1783593750.969279,51.876328,-10.160481,-2.5245156,0.019523822,-0.047894064,0.009126046,2,0.5000267028808594
1783593751.0694807,51.88519,-10.1639185,-2.5235786,0.016213266,-0.039337974,0.008249303,2,0.5000267028808594
1783593751.1694164,51.89367,-10.164959,-2.5222998,0.013474986,-0.03154131,0.007405245,2,0.5000267028808594
1783593751.269586,51.902794,-10.164316,-2.5209289,0.010309022,-0.023855703,0.006228497,2,0.5000267028808594
1783593751.3694854,51.91113,-10.162073,-2.519641,0.007420333,-0.017579734,0.005090308,2,0.5000267028808594
1783593751.46952,51.919952,-10.15847,-2.5181532,0.0036958205,-0.012230408,0.0036354794,2,0.5000267028808594
1783593751.5693007,51.927788,-10.153939,-2.5166264,-8.330576e-05,-0.0090381475,0.0025469551,2,0.5000267028808594
1783593751.6692927,51.93581,-10.148368,-2.5147676,-0.0047016526,-0.0071228007,0.0012087873,2,0.5000267028808594
1783593751.7692304,51.94266,-10.143346,-2.5133505,-0.009491305,-0.0074822577,-0.0002041461,2,0.5000267028808594
1783593751.8692708,51.949615,-10.138061,-2.512343,-0.014858341,-0.009546507,-0.0021219973,2,0.5000267028808594
1783593751.9693358,51.955673,-10.133168,-2.5113716,-0.019608725,-0.012350286,-0.0035723173,2,0.5000267028808594
1783593752.069261,51.961414,-10.1284895,-2.5104141,-0.024646357,-0.016636891,-0.0049671014,2,0.5000267028808594
1783593752.1692023,51.96618,-10.124622,-2.5099087,-0.029258432,-0.02137053,-0.006434199,2,0.5000267028808594
1783593752.2692354,51.970566,-10.1216755,-2.509562,-0.034693476,-0.027506297,-0.0073588644,2,0.5000267028808594
1783593752.369228,51.974327,-10.120179,-2.5098453,-0.0394961,-0.03411132,-0.008115956,2,0.5000267028808594
1783593752.4692729,51.978542,-10.120113,-2.510786,-0.044131484,-0.041998897,-0.008364719,2,0.5000267028808594
1783593752.5691633,51.981884,-10.12111,-2.5118356,-0.04841176,-0.048972078,-0.007990054,2,0.5000267028808594
1783593752.6692297,51.984795,-10.122645,-2.5121818,-0.053231847,-0.05538205,-0.0069157123,2,0.5000267028808594
1783593752.769283,51.987164,-10.1241455,-2.511652,-0.057224,-0.060429905,-0.0060437005,2,0.5000267028808594
1783593752.8692899,51.9896,-10.126035,-2.5105076,-0.061152857,-0.06468591,-0.005667161,2,0.5000267028808594
1783593752.9692824,51.991646,-10.127785,-2.5097404,-0.06461299,-0.06774585,-0.0064425366,2,0.5000267028808594
1783593753.0694387,51.992622,-10.129829,-2.5095215,-0.06902769,-0.0705393,-0.007447683,2,0.5000267028808594
1783593753.1692884,51.992016,-10.13209,-2.5098176,-0.07389548,-0.072608575,-0.008052779,2,0.5000267028808594
1783593753.269226,51.989906,-10.134301,-2.5104337,-0.07934056,-0.0741128,-0.008231923,2,0.5000267028808594
1783593753.3692584,51.987034,-10.135871,-2.5109882,-0.083711274,-0.074424036,-0.008016362,2,0.5000267028808594
1783593753.4698343,51.98337,-10.137321,-2.5113344,-0.08761349,-0.074042365,-0.007448475,2,0.5000267028808594
1783593753.5694618,51.979645,-10.138776,-2.5110173,-0.090171546,-0.07374613,-0.0066386038,2,0.5000267028808594
1783593753.669364,51.975346,-10.140619,-2.5100365,-0.091801204,-0.07335953,-0.0063236956,2,0.5000267028808594
1783593753.7692444,51.971523,-10.142668,-2.5089788,-0.092031956,-0.07319648,-0.00674791,2,0.5000267028808594
1783593753.8694024,51.967052,-10.145334,-2.507802,-0.09137308,-0.07301381,-0.0077454173,2,0.5000267028808594
1783593753.9692423,51.962505,-10.14819,-2.506122,-0.090450324,-0.072886504,-0.008671144,2,0.5000267028808594
1783593754.0692801,51.95708,-10.152127,-2.5042748,-0.08951763,-0.07322013,-0.01027788,2,0.5000267028808594
1783593754.1692371,51.951473,-10.156561,-2.503139,-0.088742316,-0.073812574,-0.012031306,2,0.5000267028808594
1783593754.269211,51.94508,-10.161695,-2.5023947,-0.08763733,-0.07372612,-0.01399899,2,0.5000267028808594
1783593754.3692076,51.93897,-10.166416,-2.5019698,-0.08605104,-0.07309566,-0.015069855,2,0.5000267028808594
1783593754.4691765,51.932316,-10.170343,-2.5015688,-0.08348258,-0.07059298,-0.015891315,2,0.5000267028808594
1783593754.5692146,51.92635,-10.172644,-2.5012364,-0.080373116,-0.06687958,-0.016363332,2,0.5000267028808594
1783593754.6692946,51.920685,-10.174142,-2.501155,-0.075969815,-0.06194985,-0.016882518,2,0.5000267028808594
1783593754.76932,51.916473,-10.174402,-2.5016146,-0.07091533,-0.05680502,-0.017169436,2,0.5000267028808594
1783593754.8692372,51.913628,-10.173974,-2.5029392,-0.06408608,-0.051546138,-0.016962098,2,0.5000267028808594
1783593754.96915,51.912437,-10.173144,-2.504549,-0.057419363,-0.047004625,-0.016038382,2,0.5000267028808594
1783593755.0691836,51.912113,-10.171795,-2.5066037,-0.050464608,-0.04298399,-0.014566296,2,0.5000267028808594
1783593755.1691785,51.912354,-10.17,-2.5086856,-0.044879716,-0.039886653,-0.013103004,2,0.5000267028808594
1783593755.2693217,51.913002,-10.167729,-2.5109901,-0.039699305,-0.037535544,-0.011171537,2,0.5000267028808594
1783593755.3692877,51.91382,-10.165669,-2.5131073,-0.03621241,-0.03615766,-0.008967566,2,0.5000267028808594
1783593755.4695036,51.91473,-10.163817,-2.5154595,-0.03348657,-0.035891116,-0.006732969,2,0.5000267028808594
1783593755.5692604,51.915535,-10.162614,-2.5176191,-0.03161664,-0.036548007,-0.004408335,2,0.5000267028808594
1783593755.6693096,51.91648,-10.162079,-2.5197606,-0.030082854,-0.03815117,-0.0017350347,2,0.5000267028808594
1783593755.7692482,51.91751,-10.162679,-2.52068,-0.028978223,-0.040409308,0.0007494101,2,0.5000267028808594
1783593755.8693354,51.918186,-10.164457,-2.5209575,-0.028460816,-0.0435512,0.0023254964,2,0.5000267028808594
1783593755.969244,51.91824,-10.166077,-2.5214057,-0.028602835,-0.04602006,0.003240573,2,0.5000267028808594
1783593756.0692415,51.91764,-10.167707,-2.522091,-0.029276514,-0.04778485,0.003978438,2,0.5000267028808594
1783593756.1691961,51.916603,-10.16888,-2.5230155,-0.030321319,-0.048265677,0.0044912193,2,0.5000267028808594
1783593756.2693975,51.91519,-10.170009,-2.5242715,-0.031160932,-0.048110038,0.004987345,2,0.5000267028808594
1783593756.369449,51.913692,-10.171084,-2.5253687,-0.03190966,-0.047463514,0.005809034,2,0.5000267028808594
1783593756.4692338,51.911854,-10.172796,-2.5267005,-0.032576174,-0.046890147,0.0066072955,2,0.5000267028808594
1783593756.5693517,51.910126,-10.174906,-2.527841,-0.03313772,-0.046771068,0.007890373,2,0.5000267028808594
1783593756.6692302,51.90827,-10.1775255,-2.5292797,-0.033033755,-0.04646552,0.009176531,2,0.5000267028808594
1783593756.7691882,51.90568,-10.180399,-2.53025,-0.033523846,-0.046221383,0.010422593,2,0.5000267028808594
1783593756.8692956,51.901634,-10.183973,-2.530819,-0.034632094,-0.045743145,0.011662868,2,0.5000267028808594
1783593756.9692886,51.896927,-10.187058,-2.5311399,-0.035911128,-0.044881526,0.012790019,2,0.5000267028808594
1783593757.0692272,51.890812,-10.190324,-2.5311613,-0.037338752,-0.043649316,0.013261152,2,0.5000267028808594
1783593757.1693065,51.884167,-10.192571,-2.531404,-0.038386002,-0.041614532,0.013605051,2,0.5000267028808594
1783593757.2692084,51.876175,-10.193464,-2.531888,-0.03889139,-0.037858646,0.014072407,2,0.5000267028808594
1783593757.3692117,51.869133,-10.1929865,-2.5320616,-0.037629824,-0.033611067,0.014386468,2,0.5000267028808594
1783593757.469288,51.86226,-10.191201,-2.5313926,-0.034522835,-0.028441466,0.015198202,2,0.5000267028808594
1783593757.5692554,51.856216,-10.189082,-2.5305982,-0.0308074,-0.024339465,0.014906883,2,0.5000267028808594
1783593757.6693203,51.85027,-10.186557,-2.5292563,-0.025937343,-0.020725876,0.014596535,2,0.5000267028808594
1783593757.7692142,51.845863,-10.184572,-2.5278573,-0.02072058,-0.01877226,0.013529792,2,0.5000267028808594
1783593757.8692713,51.84222,-10.183858,-2.5260859,-0.014648791,-0.018614875,0.012266674,2,0.5000267028808594
1783593757.9692974,51.84014,-10.184128,-2.5245423,-0.00840278,-0.019825205,0.010683793,2,0.5000267028808594
1783593758.0692708,51.83844,-10.184366,-2.5227242,-0.0017954342,-0.020831695,0.008616042,2,0.5000267028808594
1783593758.1692812,51.837677,-10.184185,-2.5207262,0.003746709,-0.021187562,0.006890126,2,0.5000267028808594
1783593758.2693753,51.83772,-10.183366,-2.5185928,0.0093808435,-0.02101738,0.004901625,2,0.5000267028808594
1783593758.3692744,51.838352,-10.182214,-2.5174236,0.01397531,-0.020211926,0.0026293658,2,0.5000267028808594
1783593758.4692423,51.840096,-10.180821,-2.516933,0.018396977,-0.01977521,0.00072436844,2,0.5000267028808594
1783593758.5692537,51.842804,-10.179107,-2.516652,0.022458492,-0.019009626,-0.00043623554,2,0.5000267028808594
1783593758.6691813,51.846436,-10.177329,-2.51643,0.026085598,-0.01857117,-0.0010013918,2,0.5000267028808594
1783593758.7693665,51.85008,-10.175616,-2.5163436,0.028636009,-0.018481473,-0.001348465,2,0.5000267028808594
1783593758.8693912,51.8539,-10.17369,-2.5165062,0.029987212,-0.019172225,-0.0015316287,2,0.5000267028808594
1783593758.969302,51.85685,-10.171982,-2.5169988,0.029894289,-0.020120908,-0.0016515246,2,0.5000267028808594
1783593759.0694056,51.85974,-10.170354,-2.5176663,0.02905105,-0.021122638,-0.0011615092,2,0.5000267028808594
1783593759.1692164,51.862637,-10.170018,-2.5185933,0.027985638,-0.02302738,-0.00057953846,2,0.5000267028808594
1783593759.2692213,51.865654,-10.171289,-2.5201378,0.026095701,-0.026475996,2.482031e-05,2,0.5000267028808594
1783593759.3692644,51.868073,-10.173333,-2.5214658,0.02378344,-0.029847207,0.00093162264,2,0.5000267028808594
1783593759.4695563,51.86995,-10.17633,-2.5224552,0.020680292,-0.03318739,0.0022426867,2,0.5000267028808594
1783593759.5692282,51.871403,-10.179581,-2.5227432,0.017897125,-0.035313915,0.0037098574,2,0.5000267028808594
1783593759.6692417,51.87212,-10.183526,-2.5224895,0.014250015,-0.036933713,0.0046264534,2,0.5000267028808594
1783593759.7691934,51.87216,-10.187288,-2.5219421,0.010885203,-0.037364352,0.004422977,2,0.5000267028808594
1783593759.8693066,51.87157,-10.191341,-2.5212574,0.0051335287,-0.039154883,0.00026063726,2,0.5000267028808594
1783593759.969227,51.870262,-10.195619,-2.5212317,-0.012596637,-0.05357755,-0.009547813,2,0.5000267028808594
1783593760.069315,51.86592,-10.203701,-2.522523,-0.061674092,-0.09392559,-0.022551898,2,0.5000267028808594
1783593760.1694021,51.855118,-10.217068,-2.5246687,-0.14596929,-0.1512487,-0.035551384,2,0.5000267028808594
1783593760.2691758,51.83046,-10.239963,-2.5281267,-0.28659692,-0.22729938,-0.049392853,2,0.5000267028808594
1783593760.3692338,51.79054,-10.270121,-2.5325847,-0.46387038,-0.30415314,-0.061307877,2,0.5000267028808594
1783593760.4692063,51.72297,-10.312525,-2.5391421,-0.70576304,-0.3875773,-0.072102524,2,0.5000267028808594
1783593760.569155,51.63335,-10.359733,-2.5461144,-0.97013885,-0.46041322,-0.07335637,2,0.5000267028808594
1783593760.6692426,51.50156,-10.419416,-2.553081,-1.2918354,-0.53249323,-0.057571642,2,0.5000267028808594
1783593760.7694302,51.346127,-10.48111,-2.5580373,-1.608863,-0.59214956,-0.03722419,2,0.5000267028808594
1783593760.8692188,51.140224,-10.55435,-2.5612597,-1.9603485,-0.65047175,-0.016448798,2,0.5000267028808594
1783593760.9691443,50.916508,-10.627818,-2.5627956,-2.282928,-0.7001265,-0.0024144987,2,0.5000267028808594
1783593761.0691636,50.63883,-10.712876,-2.563209,-2.6237202,-0.75057375,0.007348092,2,0.5000267028808594
1783593761.169187,50.35142,-10.796306,-2.5629401,-2.9270372,-0.79579633,0.011832277,2,0.5000267028808594
1783593761.2692363,50.009205,-10.8919325,-2.5625772,-3.2419238,-0.8447525,0.013030461,2,0.5000267028808594
1783593761.369542,49.667606,-10.985704,-2.5621471,-3.520126,-0.8915888,0.01110615,2,0.5000267028808594
1783593761.469353,49.27076,-11.093745,-2.5612488,-3.808947,-0.9450161,0.013626361,2,0.5000267028808594
1783593761.56932,48.881264,-11.19914,-2.5590315,-4.0609,-0.9960306,0.025183693,2,0.5000267028808594
1783593761.669417,48.43562,-11.3195,-2.5553846,-4.311284,-1.053847,0.03835005,2,0.5000267028808594
1783593761.7693024,48.00399,-11.436348,-2.5513306,-4.5139365,-1.110757,0.04621803,2,0.5000267028808594
1783593761.869331,47.51879,-11.569413,-2.5465822,-4.694686,-1.1776278,0.04939993,2,0.5000267028808594
1783593761.9693468,47.05908,-11.698954,-2.5424519,-4.821981,-1.2462405,0.047658913,2,0.5000267028808594
1783593762.069231,46.55305,-11.846925,-2.5385695,-4.9144254,-1.3275974,0.045742527,2,0.5000267028808594
1783593762.169312,46.08335,-11.991201,-2.5349498,-4.955794,-1.4038045,0.045840118,2,0.5000267028808594
1783593762.2692356,45.576805,-12.154567,-2.530734,-4.9508348,-1.473376,0.042961136,2,0.5000267028808594
1783593762.3692148,45.116142,-12.309568,-2.527268,-4.908167,-1.5215533,0.03904274,2,0.5000267028808594
1783593762.4691992,44.62888,-12.4800205,-2.5241275,-4.8388543,-1.5594211,0.03444026,2,0.5000267028808594
1783593762.5691743,44.189335,-12.637987,-2.5220838,-4.768843,-1.582385,0.029905815,2,0.5000267028808594
1783593762.669189,43.72273,-12.808335,-2.5207071,-4.6982017,-1.5956647,0.02504112,2,0.5000267028808594
1783593762.7691581,43.299416,-12.964572,-2.5197558,-4.642966,-1.5991279,0.020414703,2,0.5000267028808594
1783593762.8692129,42.846405,-13.132292,-2.5191169,-4.5967703,-1.5950211,0.015952244,2,0.5000267028808594
1783593762.9692285,42.431854,-13.285025,-2.5189228,-4.567786,-1.5858717,0.0120953955,2,0.5000267028808594
1783593763.0692575,41.98443,-13.447923,-2.518705,-4.5505233,-1.571985,0.009463567,2,0.5000267028808594
1783593763.1692638,41.57062,-13.595686,-2.518485,-4.546745,-1.5569826,0.00752639,2,0.5000267028808594
1783593763.2693374,41.11944,-13.752298,-2.5181603,-4.5538917,-1.5390757,0.0061468384,2,0.5000267028808594
1783593763.3692653,40.69925,-13.893612,-2.5177913,-4.568253,-1.5221907,0.0054489146,2,0.5000267028808594
1783593763.4692588,40.239697,-14.043931,-2.5168118,-4.5891275,-1.5049987,0.0051710824,2,0.5000267028808594
1783593763.5693414,39.811543,-14.1809435,-2.515111,-4.610538,-1.4917808,0.004818432,2,0.5000267028808594
1783593763.6692746,39.343803,-14.328611,-2.5131016,-4.63399,-1.4816214,0.00332134,2,0.5000267028808594
1783593763.769327,38.908657,-14.465014,-2.5117655,-4.654183,-1.4771807,0.0016764724,2,0.5000267028808594
1783593763.869361,38.433617,-14.613995,-2.5107813,-4.6737676,-1.4772881,-4.3288055e-06,2,0.5000267028808594
1783593763.9692764,37.99154,-14.752655,-2.510407,-4.689814,-1.4810107,-0.0017065686,2,0.5000267028808594
1783593764.0693276,37.509354,-14.904066,-2.5103478,-4.704841,-1.4881709,-0.0027933125,2,0.5000267028808594
1783593764.1692405,37.06183,-15.045126,-2.510785,-4.715711,-1.4967628,-0.0031178307,2,0.5000267028808594
1783593764.2692804,36.57527,-15.1995535,-2.5118213,-4.723737,-1.5072541,-0.0032917035,2,0.5000267028808594
1783593764.3693824,36.125217,-15.343266,-2.513392,-4.727764,-1.5173974,-0.003403725,2,0.5000267028808594
1783593764.46942,35.637478,-15.499425,-2.5147934,-4.7289133,-1.5274414,-0.0023264147,2,0.5000267028808594
1783593764.5693517,35.187187,-15.6443,-2.5157151,-4.728257,-1.5353388,-0.0013486836,2,0.5000267028808594
1783593764.6692612,34.69886,-15.802287,-2.5169487,-4.7271085,-1.5424374,-0.00030476117,2,0.5000267028808594
1783593764.769335,34.247498,-15.948755,-2.5181904,-4.7261777,-1.5473416,0.0009805583,2,0.5000267028808594
1783593764.86919,33.757935,-16.107254,-2.519134,-4.725777,-1.5503101,0.0026467445,2,0.5000267028808594
1783593764.9692101,33.30592,-16.253363,-2.519559,-4.725557,-1.5518144,0.003609057,2,0.5000267028808594
1783593765.0693536,32.81609,-16.411448,-2.5198684,-4.7254095,-1.5525944,0.0038396749,2,0.5000267028808594
1783593765.169307,32.36375,-16.55757,-2.5201883,-4.7253985,-1.5534424,0.004451476,2,0.5000267028808594
1783593765.2693434,31.872982,-16.716352,-2.5202956,-4.7257133,-1.555022,0.004506749,2,0.5000267028808594
1783593765.3692598,31.418482,-16.863918,-2.5205283,-4.7271433,-1.5575818,0.0044575296,2,0.5000267028808594
1783593765.469245,30.924343,-17.024996,-2.5201182,-4.7295704,-1.561358,0.0045955735,2,0.5000267028808594
1783593765.5692856,30.467089,-17.174694,-2.5195003,-4.731949,-1.5655261,0.004316437,2,0.5000267028808594
1783593765.669246,29.970497,-17.33758,-2.5185165,-4.7344522,-1.5701567,0.0038807082,2,0.5000267028808594
1783593765.76927,29.510836,-17.488544,-2.5175633,-4.736528,-1.5742079,0.0030825194,2,0.5000267028808594
1783593765.8692272,29.011467,-17.652431,-2.516358,-4.7390447,-1.577988,0.002063504,2,0.5000267028808594
1783593765.9691877,28.549295,-17.804361,-2.515109,-4.7408814,-1.5811402,0.0009498531,2,0.5000267028808594
1783593766.0694516,28.04809,-17.969666,-2.5140715,-4.7422085,-1.5838255,-0.0003818397,2,0.5000267028808594
1783593766.169291,27.584742,-18.12262,-2.5134115,-4.742756,-1.585295,-0.0015569696,2,0.5000267028808594
1783593766.2692587,27.082571,-18.287977,-2.5129032,-4.742537,-1.5852832,-0.0027430928,2,0.5000267028808594
1783593766.369349,26.619987,-18.439787,-2.5125494,-4.7406497,-1.5836285,-0.003570539,2,0.5000267028808594
1783593766.4693258,26.120369,-18.603266,-2.5119553,-4.737104,-1.58055,-0.0041788043,2,0.5000267028808594
1783593766.5692108,25.661484,-18.753452,-2.5111399,-4.731588,-1.5765134,-0.004900592,2,0.5000267028808594
1783593766.6692057,25.166786,-18.91542,-2.5098228,-4.723966,-1.5718722,-0.0054292292,2,0.5000267028808594
1783593766.76927,24.71092,-19.06421,-2.508757,-4.7129683,-1.565311,-0.0052999663,2,0.5000267028808594
1783593766.8692446,24.218843,-19.22472,-2.5077324,-4.683339,-1.552986,-0.007732453,2,0.5000267028808594
1783593766.9692185,23.76907,-19.372007,-2.5074167,-4.6265316,-1.5350393,-0.014352739,2,0.5000267028808594
1783593767.0692384,23.291458,-19.529627,-2.5083542,-4.524084,-1.5081956,-0.020541769,2,0.5000267028808594
1783593767.169247,22.86384,-19.672054,-2.5098624,-4.3937926,-1.4770013,-0.019636085,2,0.5000267028808594
1783593767.269232,22.418499,-19.822798,-2.5116944,-4.226508,-1.4373759,-0.014616562,2,0.5000267028808594
1783593767.369265,22.025555,-19.95791,-2.5126948,-4.058491,-1.395492,-0.009139322,2,0.5000267028808594
1783593767.4692087,21.620287,-20.09896,-2.5135198,-3.8697865,-1.3446056,-0.0042979494,2,0.5000267028808594
1783593767.569273,21.26496,-20.22329,-2.514072,-3.6945586,-1.2926022,-0.0010199521,2,0.5000267028808594
1783593767.6693244,20.899664,-20.350431,-2.514769,-3.5082877,-1.2319733,0.001451577,2,0.5000267028808594
1783593767.7692618,20.579752,-20.46096,-2.5153737,-3.3415585,-1.1735071,0.0031184552,2,0.5000267028808594
1783593767.8692696,20.251146,-20.572927,-2.51572,-3.1680307,-1.1083537,0.0045730933,2,0.5000267028808594
1783593767.9693313,19.963612,-20.669403,-2.5156798,-3.0151753,-1.0484935,0.0051118913,2,0.5000267028808594
1783593768.069278,19.66765,-20.767336,-2.5147514,-2.8581476,-0.98542964,0.0050008562,2,0.5000267028808594
1783593768.16932,19.407234,-20.852942,-2.5141025,-2.721848,-0.93067026,0.0035828804,2,0.5000267028808594
1783593768.2693365,19.137861,-20.940638,-2.5141125,-2.5824695,-0.8748482,0.0020936844,2,0.5000267028808594
1783593768.3692756,18.900013,-21.017015,-2.5144691,-2.4614985,-0.8262056,0.0007086357,2,0.5000267028808594
1783593768.469328,18.6535,-21.095325,-2.5154123,-2.3382163,-0.77631676,-0.00054296484,2,0.5000267028808594
1783593768.569272,18.435514,-21.163788,-2.5166006,-2.2307258,-0.7322227,-0.0009046272,2,0.5000267028808594
1783593768.669271,18.20928,-21.233671,-2.5177689,-2.1201758,-0.68565804,-0.001090116,2,0.5000267028808594
1783593768.7692144,18.008953,-21.293972,-2.5192623,-2.023279,-0.6431657,-0.0007503228,2,0.5000267028808594
1783593768.869231,17.800695,-21.35455,-2.5215473,-1.9227039,-0.5964896,3.2950244e-05,2,0.5000267028808594
1783593768.9692318,17.616573,-21.406424,-2.5235634,-1.8335111,-0.5546727,0.0016251593,2,0.5000267028808594
1783593769.0691721,17.425102,-21.458366,-2.5253267,-1.7403873,-0.51448864,0.0034863423,2,0.5000267028808594
1783593769.1691816,17.255728,-21.503199,-2.526598,-1.6567147,-0.4838028,0.0049938317,2,0.5000267028808594
1783593769.2692127,17.08085,-21.549131,-2.527412,-1.5679283,-0.4570208,0.006338588,2,0.5000267028808594
1783593769.369204,16.927052,-21.589905,-2.5282302,-1.4875292,-0.43788096,0.0070594396,2,0.5000267028808594
1783593769.4692187,16.768833,-21.633131,-2.5282516,-1.402073,-0.4220057,0.008364431,2,0.5000267028808594
1783593769.5692275,16.630404,-21.671768,-2.5272803,-1.3244296,-0.40971684,0.009161005,2,0.5000267028808594
1783593769.6692398,16.488354,-21.712137,-2.5259352,-1.2429165,-0.39649877,0.008626866,2,0.5000267028808594
1783593769.7692714,16.365005,-21.74868,-2.5247207,-1.1691293,-0.3845393,0.0077787535,2,0.5000267028808594
1783593769.8694751,16.23975,-21.787401,-2.523396,-1.0913973,-0.370786,0.0065441695,2,0.5000267028808594
1783593769.9692357,16.131538,-21.82197,-2.5226378,-1.0217081,-0.35690758,0.004907132,2,0.5000267028808594
1783593770.0692127,16.021875,-21.857607,-2.521975,-0.94922906,-0.34032342,0.0035248229,2,0.5000267028808594
1783593770.169267,15.927523,-21.888685,-2.5211039,-0.8848748,-0.3237704,0.0031615158,2,0.5000267028808594
1783593770.2692714,15.832399,-21.9204,-2.5184393,-0.82064235,-0.30467042,0.04077368,2,0.5000267028808594
1783593770.3692908,15.75049,-21.948032,-2.508912,-0.7672216,-0.28728592,0.13250232,2,0.5000267028808594
1783593770.4692385,15.667225,-21.976883,-2.484531,-0.7124198,-0.2688386,0.2797788,2,0.5000267028808594
1783593770.5692818,15.5950985,-22.002481,-2.4447923,-0.66047865,-0.2523106,0.45299304,2,0.5000267028808594
1783593770.6692638,15.522801,-22.02928,-2.380599,-0.59314054,-0.23282135,0.6181233,2,0.5000267028808594
1783593770.7693036,15.464104,-22.052568,-2.3086762,-0.507888,-0.21096028,0.6943581,2,0.5000267028808594
1783593770.8693297,15.412285,-22.075302,-2.2261171,-0.39138633,-0.18230951,0.71774673,2,0.5000267028808594
1783593770.9692204,15.377491,-22.092884,-2.1513815,-0.2754342,-0.15144356,0.693635,2,0.5000267028808594
1783593771.0692983,15.353894,-22.107557,-2.076943,-0.16038856,-0.113984324,0.6437245,2,0.5000267028808594
1783593771.1693106,15.342509,-22.11664,-2.013948,-0.0786841,-0.07888856,0.6192979,2,0.5000267028808594
1783593771.2693508,15.336938,-22.122107,-1.9490439,-0.019791545,-0.048105143,0.60921913,2,0.5000267028808594
1783593771.3694277,15.3348055,-22.124613,-1.8904892,0.012006396,-0.028583117,0.609767,2,0.5000267028808594
1783593771.4692824,15.333499,-22.125565,-1.8271669,0.029383402,-0.013964283,0.6159315,2,0.5000267028808594
1783593771.5692327,15.331987,-22.125544,-1.7682811,0.034951597,-0.0048186104,0.62434447,2,0.5000267028808594
1783593771.6693213,15.328658,-22.124912,-1.7036622,0.033549845,0.0015281482,0.6342536,2,0.5000267028808594
1783593771.7692535,15.323741,-22.124376,-1.6429664,0.027943669,0.0046677184,0.64353114,2,0.5000267028808594
1783593771.8691778,15.31719,-22.12438,-1.5758756,0.019972006,0.005864382,0.65257406,2,0.5000267028808594
1783593771.969214,15.310209,-22.124954,-1.5131716,0.012232708,0.0059567774,0.6600638,2,0.5000267028808594
1783593772.0694017,15.301423,-22.12635,-1.4449288,0.004131057,0.00527271,0.6669015,2,0.5000267028808594
1783593772.1692574,15.2923155,-22.127956,-1.3820783,-0.002583499,0.003766891,0.6725029,2,0.5000267028808594
1783593772.26915,15.28134,-22.130337,-1.3136868,-0.00890108,0.001784002,0.67801803,2,0.5000267028808594
1783593772.3691802,15.270702,-22.1329,-1.249917,-0.013386488,0.00021207085,0.68344694,2,0.5000267028808594
1783593772.4691725,15.259287,-22.13625,-1.1803243,-0.016069604,-0.0011220288,0.68834335,2,0.5000267028808594
1783593772.569202,15.249204,-22.140022,-1.1160824,-0.016141832,-0.002764372,0.69247186,2,0.5000267028808594
1783593772.669254,15.239128,-22.144787,-1.0463579,-0.014582733,-0.004237468,0.69646466,2,0.5000267028808594
1783593772.7693102,15.230839,-22.149616,-0.98136103,-0.01166471,-0.0052440776,0.7000508,2,0.5000267028808594
1783593772.86933,15.223826,-22.155094,-0.9102471,-0.006160885,-0.005436088,0.70359474,2,0.5000267028808594
1783593772.9694638,15.219279,-22.160162,-0.84449506,0.0006183394,-0.004734598,0.7060448,2,0.5000267028808594
1783593773.0692513,15.216274,-22.165354,-0.773299,0.008679605,-0.0029554279,0.7080252,2,0.5000267028808594
1783593773.169197,15.214023,-22.169891,-0.7070993,0.015551165,-0.00048383657,0.7099743,2,0.5000267028808594
1783593773.269285,15.211508,-22.174986,-0.63419145,0.0218078,0.0021414293,0.7116524,2,0.5000267028808594
1783593773.369235,15.209248,-22.180136,-0.5661895,0.02617766,0.0042729857,0.7122801,2,0.5000267028808594
1783593773.4693198,15.208084,-22.185331,-0.49216098,0.030915266,0.006972186,0.7117972,2,0.5000267028808594
1783593773.569433,15.208168,-22.189024,-0.42344576,0.034993447,0.010562401,0.7110324,2,0.5000267028808594
1783593773.669432,15.210204,-22.191717,-0.34909898,0.040051125,0.015320505,0.7095498,2,0.5000267028808594
1783593773.7691865,15.21426,-22.193853,-0.28073585,0.044915333,0.01957595,0.7081636,2,0.5000267028808594
1783593773.869266,15.220078,-22.196173,-0.2071141,0.049500182,0.023677524,0.706834,2,0.5000267028808594
1783593773.9692106,15.226666,-22.197845,-0.13952127,0.053057157,0.027424823,0.7056539,2,0.5000267028808594
1783593774.0691926,15.23457,-22.199154,-0.06689179,0.05560888,0.031042056,0.7046807,2,0.5000267028808594
1783593774.1692185,15.241646,-22.199568,-0.00022992492,0.055985164,0.034621872,0.7044229,2,0.5000267028808594
1783593774.2693036,15.249047,-22.199146,0.07177544,0.05422789,0.03852045,0.70472753,2,0.5000267028808594
1783593774.3692288,15.250948,-22.197973,0.10481417,-0.049743336,0.05190315,0.0107549615,2,0.5000267028808594
1783593774.4692082,15.245225,-22.1963,0.09608553,-0.054629598,0.051243998,0.005886216,2,0.5000267028808594
1783593774.569196,15.23939,-22.194832,0.085007146,-0.059336487,0.050390564,9.481155e-05,2,0.5000267028808594
1783593774.6692615,15.234432,-22.193527,0.075260356,-0.06283581,0.04928061,-0.004251501,2,0.5000267028808594
1783593774.7691896,15.230772,-22.192278,0.06798042,-0.0647953,0.048261225,-0.006855538,2,0.5000267028808594
1783593775.528292,15.22749,-22.191435,0.061482757,-0.065888144,0.046995547,-0.0086116055,2,0.5000267028808594
1783593775.569386,15.226363,-22.191261,0.059301123,-0.06632301,0.046095736,-0.009250283,2,0.5000267028808594
1783593775.669193,15.223885,-22.19103,0.054458976,-0.067177,0.04453339,-0.010377598,2,0.5000267028808594
1783593775.7693698,15.221667,-22.191147,0.04992114,-0.067710996,0.04261896,-0.011548978,2,0.5000267028808594
1783593775.869247,15.220208,-22.191807,0.04665762,-0.067841545,0.040605668,-0.012227464,2,0.5000267028808594
1783593775.9692163,15.2193,-22.19314,0.043903843,-0.06759177,0.037897322,-0.012640234,2,0.5000267028808594
1783593776.0691886,15.219167,-22.195292,0.041817755,-0.06693338,0.034806084,-0.01254741,2,0.5000267028808594
1783593776.1692195,15.219404,-22.197832,0.03984317,-0.06613577,0.0317122,-0.012525816,2,0.5000267028808594
1783593776.2692375,15.220185,-22.199953,0.038351238,-0.06508102,0.029085558,-0.012452023,2,0.5000267028808594
1783593776.3693008,15.221553,-22.202267,0.03718172,-0.06329747,0.02600771,-0.012123729,2,0.5000267028808594
1783593776.4694307,15.222947,-22.204786,0.03642553,-0.0617123,0.022910213,-0.011808235,2,0.5000267028808594
1783593776.569372,15.224947,-22.207806,0.035806388,-0.059642095,0.01939127,-0.011144391,2,0.5000267028808594
1783593776.6694167,15.227321,-22.210697,0.035015672,-0.05792255,0.015436717,-0.010738627,2,0.5000267028808594
1783593776.7691927,15.229159,-22.213697,0.033174574,-0.055791218,0.013077271,-0.010741836,2,0.5000267028808594
1783593776.8692188,15.229977,-22.215597,0.030830875,-0.054487403,0.011483175,-0.011119994,2,0.5000267028808594
1783593776.9692254,15.229922,-22.21682,0.027982369,-0.053853273,0.010746896,-0.011943552,2,0.5000267028808594
1783593777.0695074,15.229536,-22.217508,0.025206804,-0.053559672,0.010297728,-0.01254938,2,0.5000267028808594
1783593777.169228,15.229246,-22.217617,0.022717342,-0.053128526,0.010230969,-0.012716148,2,0.5000267028808594
1783593777.2693963,15.229143,-22.2175,0.020809412,-0.052374206,0.010506336,-0.012787727,2,0.5000267028808594
1783593777.369283,15.229541,-22.217754,0.019229114,-0.05116966,0.010284521,-0.012899558,2,0.5000267028808594
1783593777.469239,15.23065,-22.218224,0.018151239,-0.049351573,0.010042515,-0.012530055,2,0.5000267028808594
1783593777.5693226,15.231857,-22.218225,0.017922997,-0.047659025,0.010190639,-0.011910061,2,0.5000267028808594
1783593777.6693487,15.232562,-22.217754,0.01837343,-0.046806145,0.010546358,-0.010959073,2,0.5000267028808594
1783593777.7694895,15.232833,-22.21695,0.01898548,-0.0463022,0.011032693,-0.010327488,2,0.5000267028808594
1783593777.8699615,15.233152,-22.216206,0.019575596,-0.045616277,0.011439792,-0.00933153,2,0.5000267028808594
1783593777.9692605,15.233695,-22.215302,0.020695612,-0.044866934,0.011614057,-0.008443151,2,0.5000267028808594
1783593778.0692742,15.234096,-22.214413,0.02184157,-0.044290453,0.011793019,-0.0076099606,2,0.5000267028808594
1783593778.169277,15.234468,-22.213774,0.02265276,-0.043441396,0.01154798,-0.00689396,2,0.5000267028808594
1783593778.2692773,15.235011,-22.212978,0.023698643,-0.04265336,0.011666577,-0.0062321867,2,0.5000267028808594
1783593778.3692055,15.235574,-22.211649,0.025114879,-0.041699637,0.012094203,-0.0054170666,2,0.5000267028808594
1783593778.4695778,15.236223,-22.209984,0.027383476,-0.040687606,0.012745409,-0.0043646176,2,0.5000267028808594
1783593778.5691147,15.236493,-22.208097,0.030446723,-0.03976118,0.013721088,-0.0029899005,2,0.5000267028808594
1783593778.6695302,15.236118,-22.20674,0.033220217,-0.039226606,0.014361996,-0.0015187184,2,0.5000267028808594
1783593778.7691987,15.235564,-22.205772,0.03691855,-0.038770396,0.014318373,-0.00012277011,2,0.5000267028808594
1783593778.8693073,15.235268,-22.205013,0.040414557,-0.037973315,0.01444351,0.0012913432,2,0.5000267028808594
1783593778.9693482,15.235326,-22.20432,0.043980345,-0.036950488,0.014448345,0.0025599785,2,0.5000267028808594
1783593779.0696669,15.235175,-22.203835,0.047054097,-0.035862237,0.014483779,0.003573575,2,0.7937717437744141
1783593779.1694367,15.234588,-22.203773,0.049143925,-0.035423204,0.014495402,0.004152958,2,0.7937717437744141
1783593779.2693772,15.234006,-22.204397,0.051248685,-0.03493198,0.013728957,0.004713139,2,0.7937717437744141
1783593779.370023,15.233771,-22.205595,0.05292338,-0.034060262,0.012431706,0.005120464,2,0.7937717437744141
1783593779.4692993,15.233128,-22.20821,0.054313704,-0.033311754,0.010130467,0.0055381367,2,0.7937717437744141
1783593779.569255,15.232017,-22.21133,0.055271342,-0.03295137,0.0076548546,0.0059413626,2,0.7937717437744141
1783593779.6693196,15.231397,-22.214998,0.05570309,-0.03252119,0.004960031,0.006078895,2,0.7937717437744141
1783593779.7692857,15.231455,-22.218258,0.055365697,-0.031778105,0.002522703,0.0061445683,2,0.7937717437744141
1783593779.869352,15.231589,-22.220783,0.054477394,-0.031279825,0.0010403274,0.0060620033,2,0.7937717437744141
1783593779.969292,15.232076,-22.221869,0.053460225,-0.030390391,0.0006926615,0.005772787,2,0.7937717437744141
1783593780.069506,15.233326,-22.222343,0.051929533,-0.028700486,0.0008498541,0.005123148,2,0.9237556457519531
1783593780.1693883,15.234594,-22.223333,0.050544307,-0.027154783,9.172494e-05,0.004647541,2,0.9237556457519531
1783593780.2694771,15.236021,-22.224913,0.048608154,-0.025680903,-0.0010974453,0.0041165305,2,0.9237556457519531
1783593780.3693502,15.237409,-22.226307,0.046270177,-0.02395488,-0.0022074312,0.0033988773,2,0.9237556457519531
1783593780.4692817,15.2388735,-22.227144,0.043725297,-0.022507206,-0.0028486806,0.0027058942,2,0.9237556457519531
1783593780.569249,15.24002,-22.227482,0.041521177,-0.021104753,-0.0030680362,0.0021242974,2,0.9237556457519531
1783593780.6692424,15.24104,-22.227484,0.03950095,-0.019923592,-0.0029661607,0.0017573336,2,0.9237556457519531
1783593780.769216,15.242042,-22.227266,0.038076848,-0.018927548,-0.002663156,0.0012349607,2,0.9237556457519531
1783593780.8692296,15.243871,-22.226982,0.036451668,-0.017253589,-0.0023831832,0.00094709074,2,0.9237556457519531
1783593780.9692373,15.245934,-22.226295,0.03483969,-0.015677335,-0.0015813301,0.00062101154,2,0.9237556457519531
1783593781.0692565,15.247933,-22.22499,0.033090383,-0.013978812,-0.00040712004,0.00015250298,2,0.9718112945556641
1783593781.169298,15.249682,-22.223753,0.031576514,-0.012635112,0.00057129434,-5.403614e-05,2,0.9718112945556641
1783593781.2692676,15.250967,-22.223093,0.030300006,-0.0114447735,0.0010335391,-0.00019387546,2,0.9718112945556641
1783593781.3692513,15.25143,-22.223127,0.02923742,-0.011087906,0.0010197483,-0.0004531393,2,0.9718112945556641
1783593781.4693258,15.251091,-22.223452,0.028628811,-0.011633527,0.0009678029,-0.0007773536,2,0.9718112945556641
1783593781.5699916,15.249848,-22.223795,0.028974742,-0.012695739,0.0010564429,-0.0005183634,2,0.9718112945556641
1783593781.6693654,15.247593,-22.223877,0.02975963,-0.014908487,0.0015221945,-0.00029788216,2,0.9718112945556641
1783593781.7698526,15.24563,-22.2242,0.030391216,-0.0164822,0.0014009214,-5.5158864e-05,2,0.9718112945556641
1783593781.869307,15.243868,-22.224594,0.031138778,-0.018012358,0.001338617,0.00025699593,2,0.9718112945556641
1783593781.9694567,15.242466,-22.224304,0.03196685,-0.019107668,0.001894325,0.0005225,2,0.9718112945556641
1783593782.0692925,15.241204,-22.223282,0.032774016,-0.019733388,0.0027783164,0.000689426,2,0.9895744323730469
1783593782.1692777,15.240669,-22.221958,0.033827007,-0.01962568,0.0040018526,0.0010276416,2,0.9895744323730469
1783593782.269371,15.241229,-22.221115,0.03545074,-0.018661022,0.0044478043,0.0011400805,2,0.9895744323730469
1783593782.3692884,15.242025,-22.221195,0.03703539,-0.017496997,0.0041963076,0.0015974655,2,0.9895744323730469
1783593782.4694254,15.242499,-22.222105,0.038659856,-0.01665887,0.0032077797,0.0025499766,2,0.9895744323730469
1783593782.5694754,15.242381,-22.223999,0.039721906,-0.016460974,0.001555144,0.00286716,2,0.9895744323730469
1783593782.6693177,15.241933,-22.226751,0.04061073,-0.01621085,-0.00044444215,0.0032959788,2,0.9895744323730469
1783593782.769455,15.24149,-22.22935,0.04101543,-0.01619443,-0.0025132657,0.0035967769,2,0.9895744323730469
1783593782.869215,15.2412405,-22.231375,0.040964648,-0.015933244,-0.004011974,0.0038386425,2,0.9895744323730469
1783593782.9692428,15.2409525,-22.233295,0.040418476,-0.015937263,-0.00530193,0.003993044,2,0.9895744323730469
1783593783.0692427,15.240506,-22.234993,0.03926465,-0.016248679,-0.0063238675,0.0037485587,2,0.9961462020874023
1783593783.1691866,15.23999,-22.236473,0.037662894,-0.016412994,-0.0069852187,0.003648161,2,0.9961462020874023
1783593783.2693083,15.239194,-22.237999,0.035113722,-0.017322818,-0.007789592,0.0030928254,2,0.9961462020874023
1783593783.3692997,15.238358,-22.239332,0.03218247,-0.018151445,-0.008257852,0.0023834761,2,0.9961462020874023
1783593783.4691787,15.237165,-22.240242,0.028690696,-0.01891017,-0.008454007,0.0014344567,2,0.9961462020874023
1783593783.569252,15.235565,-22.240356,0.025307134,-0.019637082,-0.008067191,0.0007504204,10,0.9961462020874023
1783593783.6692955,15.233688,-22.239948,0.021282002,-0.020437853,-0.0075288564,-0.00024346908,10,0.9961462020874023
1783593783.7692354,15.232375,-22.23915,0.017712206,-0.020900067,-0.006618509,-0.0012375085,10,0.9961462020874023
1783593783.869314,15.231763,-22.237976,0.013999477,-0.020731263,-0.0059745414,-0.0020018714,10,0.9961462020874023
1783593783.9692388,15.232217,-22.236843,0.010676995,-0.019905655,-0.005006064,-0.0027644902,10,0.9961462020874023
1783593784.0692246,15.233638,-22.235527,0.007154733,-0.017951768,-0.0044374103,-0.0034247246,10,0.9985742568969727
1783593784.1692104,15.23496,-22.234163,0.004554048,-0.016433816,-0.0037590654,-0.0039441367,10,0.9985742568969727
1783593784.2694263,15.236152,-22.233149,0.002992317,-0.015295053,-0.0038332965,-0.004014959,10,0.9985742568969727
1783593784.3692586,15.237038,-22.232397,0.0019085854,-0.014650394,-0.0038974718,-0.004011518,10,0.9985742568969727
1783593784.4692616,15.238085,-22.231655,0.0002310276,-0.014121069,-0.0042539574,-0.0043632095,10,0.9985742568969727
1783593784.569289,15.239319,-22.230865,-0.0013848394,-0.013628132,-0.0041287434,-0.0049089617,10,0.9985742568969727
1783593784.6693141,15.240666,-22.229706,-0.0029546022,-0.012732995,-0.0035316928,-0.0053872513,10,0.9985742568969727
1783593784.7692356,15.242394,-22.22863,-0.0039730966,-0.011769267,-0.002981725,-0.005403794,10,0.9985742568969727
1783593784.8692472,15.245117,-22.227776,-0.0043439716,-0.010212762,-0.0027270599,-0.0054590884,10,0.9985742568969727
1783593784.9692454,15.247989,-22.227442,-0.004129678,-0.008829702,-0.0027090926,-0.005435222,10,0.9985742568969727
1783593785.0691366,15.251255,-22.22823,-0.0031687915,-0.007497314,-0.00389168,-0.0049628876,10,0.9994707107543945
1783593785.169255,15.253987,-22.229958,-0.0018657446,-0.0065699406,-0.0054238145,-0.004524898,10,0.9994707107543945
1783593785.269305,15.256517,-22.231901,0.00026233494,-0.005911916,-0.006908189,-0.0036573436,10,0.9994707107543945
1783593785.3693337,15.258292,-22.233648,0.0029821098,-0.0054280763,-0.008432279,-0.0022740285,10,0.9994707107543945
